PDB_ID,Chain,conf_state
6NPZ,B,DFGin
3E8D,B,DFGin
5OTF,A,DFGin
2VD5,A,DFGin
5UVC,A,DFGin
4YHJ,B,DFGin
4TND,A,DFGin
2ACX,A,DFGin
5LOH,A,DFGin
2BIY,A,DFGin
4OTG,A,DFGin
4CRS,A,DFGin
6C0U,A,DFGin
4RA4,A,DFGin
2I0E,B,DFGin
3TXO,A,DFGin
3A8X,A,DFGin
5F9E,B,DFGin
6C0T,A,DFGin
5WNE,D,DFGin
5U7R,B,DFGin
2Z7R,A,DFGin
4NW6,A,DFGin
1VZO,A,DFGinter
6G78,A,DFGinter
3WF9,A,DFGin
3HDN,A,DFGinter
4FR4,F,DFGin
6BXI,B,DFGin
6R4D,A,DFGin
4AF3,A,DFGinter
6GR9,A,DFGin
2JAM,B,DFGin
4FG7,A,DFGin
2VZ6,B,DFGin
3BHH,B,DFGin
6AYW,B,DFGin
2V7O,A,DFGin
6CD6,A,DFGin
6CMJ,B,DFGin
3TAC,A,DFGin
6FCK,A,DFGin
4A9U,A,DFGin
6FHB,A,DFGin
2CKE,D,DFGin
5A6N,A,DFGin
5JZN,A,DFGin
3M42,A,DFGin
3R1N,A,DFGin
3IEC,C,DFGin
5ES1,A,DFGin
4UMP,B,DFGin
2HW6,A,DFGout
2AC3,A,DFGout
2X4F,B,DFGin
3DLS,A,DFGin
2Y7J,C,DFGin
6NO9,A,DFGin
2IWI,A,DFGin
5TA8,A,DFGin
4I6F,A,DFGin
4B6L,A,DFGin
3COK,B,DFGin
6C9J,A,DFGin
6B2E,A,DFGin
4NIF,D,DFGin
4JG8,A,DFGin
3KN6,B,DFGin
5YKS,B,DFGin
2WTK,C,DFGin
3LM5,A,DFGin
5L2Q,C,DFGin
5CEM,A,DFGinter
6GZD,A,DFGin
6GZM,B,DFGin
4HOK,M,DFGin
2CMW,A,DFGin
2C47,D,DFGin
6GRO,A,DFGin
4NFN,A,DFGin
6CNX,A,DFGin
6NCG,A,DFGin
2JII,B,DFGin
5ACB,C,DFGin
5EFQ,C,DFGin
5G6V,A,DFGout
6GU4,A,DFGin
6GUF,C,DFGin
3G33,C,DFGin
3O0G,A,DFGin
1XO2,B,DFGin
6O9L,8,DFGin
5XS2,A,DFGin
4OR5,F,DFGin
4AGU,C,DFGin
4AAA,A,DFGin
3ZDU,A,DFGin
4BGQ,A,DFGin
6RAA,A,DFGin
6FYL,A,DFGin
6RCT,B,DFGin
6FYV,A,DFGin
6Q4Q,B,DFGin
6QY9,A,DFGin
4YU2,D,DFGin
5LXD,B,DFGin
5Y86,A,DFGin
6H0U,B,DFGin
4H39,A,DFGin
3GC8,B,DFGin
1CM8,B,DFGin
4MYG,B,DFGin
1WBW,A,DFGin
6QAW,A,DFGin
6GES,B,DFGin
2I6L,A,DFGin
5O7I,A,DFGin
3O2M,B,DFGin
3E7O,A,DFGin
4IJP,A,DFGin
1WAK,A,DFGin
5MYV,A,DFGin
4B9D,B,DFGinter
5M53,A,DFGin
6GT1,B,DFGin
4WSQ,B,DFGin
4W9W,A,DFGin
6F7B,A,DFGin
4F9B,A,DFGin
5EBZ,L,DFGin
2A1A,B,DFGin
4X7L,A,DFGout
4U6R,A,DFGin
4Y8D,B,DFGin
6G3A,A,DFGin
4KIK,B,DFGin
4MWI,A,DFGin
6BHC,A,DFGin
5VD3,A,DFGin
5VE6,A,DFGin
4OAU,C,DFGin
2BUJ,A,DFGin
6O8B,B,DFGin
5O0Y,A,DFGin
5AP1,A,DFGin
5CI7,A,DFGin
6QAV,C,DFGin
6FDY,U,DFGin
5VD7,A,DFGin
5VDK,A,DFGin
5WE8,B,DFGin
5O21,B,DFGin
4ANB,A,DFGin
1S9I,A,DFGin
3ALO,A,DFGin
6QHR,A,DFGin
4IDV,D,DFGin
5VIO,D,DFGin
5IU2,B,DFGin
6CQD,B,DFGin
5J5T,A,DFGin
4ZK5,A,DFGin
3DAK,D,DFGin
5KBQ,A,DFGin
6FD3,A,DFGin
5ZJW,A,DFGin
2F57,B,DFGin
4KS8,A,DFGin
2JFM,A,DFGin
6HXF,C,DFGin
4W8E,A,DFGin
2XIK,A,DFGin
4FZA,B,DFGout
5DH3,A,DFGin
3COM,B,DFGin
2WTK,B,DFGin
6BDN,A,DFGin
5AX9,C,DFGin
6GIP,A,DFGin
4ASX,B,DFGin
2QLU,A,DFGin
3MY0,O,DFGin
3MDY,C,DFGin
3G2F,A,DFGin
4MNE,B,DFGin
6MIB,A,DFGinter
6BFN,B,DFGin
2NRU,D,DFGin
5KKR,B,DFGin
5HVK,A,DFGin
4TPT,A,DFGout
5CEN,A,DFGin
5X5O,A,DFGin
4UYA,A,DFGin
5JGD,A,DFGin
4UY9,B,DFGin
3OMV,B,DFGin
4ITI,A,DFGout
5NG0,B,DFGin
6B8Y,A,DFGin
5QIN,A,DFGin
6B5J,C,DFGin
4TWP,B,DFGin
2XYN,C,DFGin
3LCT,A,DFGin
5U6B,D,DFGin
3SXS,A,DFGinter
1K2P,A,DFGin
3LCD,A,DFGin
3D7U,C,DFGin
6FIO,A,DFGout
6FER,F,DFGout
5XGN,A,DFGin
4P2K,A,DFGin
3FXX,A,DFGin
2R2P,A,DFGin
2REI,A,DFGin
3KUL,B,DFGin
5MJB,B,DFGin
3ZFM,A,DFGin
5L6P,A,DFGin
3ZEW,A,DFGin
3PP0,B,DFGin
3KEX,A,DFGin
3BCE,C,DFGin
3CBL,A,DFGin
3KXX,B,DFGin
5UI0,B,DFGin
4K33,A,DFGin
6JPJ,A,DFGin
3HNG,A,DFGout
4XUF,B,DFGout
2DQ7,X,DFGin
2HK5,A,DFGin
3QQU,C,DFGin
4XLV,A,DFGin
3QGY,B,DFGin
4L00,B,DFGin
6C7Y,A,DFGin
6M9H,A,DFGin
5TQ8,A,DFGin
6GL9,B,DFGin
3CJG,A,DFGin
1PKG,A,DFGin
3LCK,A,DFGin
3A4O,X,DFGin
3BRB,A,DFGin
4IWD,A,DFGin
3PLS,A,DFGin
5KVT,A,DFGin
4AT4,A,DFGout
3V5Q,B,DFGout
5GRN,A,DFGout
4H1M,A,DFGout
2ETM,A,DFGin
6CZ4,A,DFGout
6FEK,A,DFGin
4GT4,A,DFGinter
4UXL,A,DFGin
1YI6,B,DFGin
5CXH,A,DFGin
2OSC,A,DFGout
3EQP,B,DFGin
3ZON,A,DFGin
4GVJ,A,DFGin
1U59,A,DFGin
